Workbook
Name Excel_BuiltIn_Print_Area_1: "$#REF.$A$1:$T$34"

Sheet ใบสำคัญจ่ายเงินสดย่อย
E1: การประปาส่วนภูมิภาค | Q1: เลขที่ :
E2: ใบสำคัญจ่ายเงินสดย่อย/ใบเบิกค่าใช้จ่ายที่เกินวงเงินสดย่อย | Q2: วันที่ :
E3: (กปภ.บง.42)
A4: รหัสพนักงาน : | D4: ชื่อ : | E4: 27 | Q4: กิจกรรม :
A5: หน่วยงาน : กองระบบผลิตและควบคุมคุณภาพน้ำ . | Q5: เลขที่การเดินทาง : .
A6: ขอเบิกเงินสดย่อยเนื่องจาก : | F6: ซื้อพัสดุ | H6: เดินทางไปปฏิบัติงานต่างท้องที่ | O6: อื่นๆ(โปรดระบุ) : .
D7: เดินทางไปฝึกอบรม | G7: เลขที่รุ่นหลักสูตร : | M7: ชื่อหลักสูตร :
A8: ส่วนที่ 1 : การระบุรายละเอียดค่าใช้จ่าย | G8: ผ่านรายการวันที่ | O8: 81000
A9: ลำดับ | B9: รายการ | I9: รหัสบัญชี | L9: รหัสศูนย์ต้นทุน | P9: รหัสงบประมาณ | T9: จำนวนเงิน
B10: ค่าใช้จ่ายในการเดินทาง | I10: 6221002 | L10: 100687 | P10: 1Y.100687.6221002
A11: 1 | B11: ค่าเบี้ยเลี้ยง | T11: =SUM(คิดเงิน!D5:D6) -> 1520
A12: 2 | B12: ค่าที่พัก | T12: =คิดเงิน!D11 -> 2700
A13: 3 | B13: ค่าน้ำมันเชื้อเพลิง | T13: 0
A14: 4 | B14: ค่าผ่านทาง | T14: =คิดเงิน!D16 -> 0
A15: 5 | B15: ค่ายานพาหนะ | T15: =คิดเงิน!D17 -> 0
A16: 6 | B16: ปะยาง
A17: (ตัวอักษร : | F17: =BAHTTEXT(T17) -> สี่พันสองร้อยยี่สิบบาทถ้วน | Q17: ) | S17: รวมเงิน | T17: =SUM(T11:T16) -> 4220
A18: หมายเหตุ
A22: ลงชื่อผู้ขอเบิก : . | K22: ลงชื่อผู้บังคับบัญชา : .
O23: ( )
A24: ตำแหน่ง : | G24: วันที่ : | K24: ตำแหน่ง : . | T24: วันที่ : .
A26: ส่วนที่ 2 : การตรวจสอบและอนุมัติ
A27: ตรวจสอบถูกต้องแล้ว เห็นควรอนุมัติให้เบิกจ่ายได้ | K27: เห็นควรอนุมัติให้เบิกจ่ายได้
A28: ลงชื่อ : . | G28: ผู้ตรวจ | K28: ลงชื่อ : .
B29: ( ) | M29: ( )
A30: ตำแหน่ง : . | G30: วันที่ : . | K30: ตำแหน่ง : . | T30: วันที่ : .
A31: ลงชื่อ : . | G31: หัวหน้างาน | K31: อนุมัติให้เบิกจ่ายได้
A32: ( ) | K32: ลงชื่อ : .
A33: ตำแหน่ง : . | G33: วันที่ : . | M33: ( )
K34: ตำแหน่ง : . | T34: วันที่ : .
A35: ส่วนที่ 3 : การบันทึกจ่ายงบประมาณ
A36: ลงชื่อผู้บันทึกจ่ายงบประมาณ : ตำแหน่ง : วันที่ : .
A37: ส่วนที่ 4 : การรับเงิน
A38: ได้รับเงินครบถ้วนถูกต้องแล้ว
A39: ลงชื่อผู้รับเงิน : . | K39: ลงชื่อผู้จ่ายเงิน : .
N40: ( )
A41: ตำแหน่ง : | G41: วันที่ : . | K41: ตำแหน่ง : . | T41: วันที่ : .

Sheet รายงาน
A1: รายงานการเดินทาง
G2: ที่ทำการ | H2: การประปาส่วนภูมิภาคเขต 1
G3: วันที่ | I3: เดือน | K3: พ.ศ.
C4: ข้าพเจ้า | G4: ตำแหน่ง
B5: ขอทำรายงานการเดินทางยื่นต่อผู้ว่าการ การประปาส่วนภูมิภาค/ผอ.กปภ.ข.1/ผจก.กปภ.สาขา
C6: ตามคำสั่งที่ | G6: ข้าพเจ้าพร้อมด้วย
B7: ออกจากการประปาส่วนภูมิภาคเขต 160 ม. 2 ตำบล บ้านสวน อำเภอ เมืองชลบุรี
B8: จังหวัด ชลบุรี | C8: วันที่ | E8: เดือน | H8: พ.ศ. | J8: เวลา | L8: นาฬิกา
B9: และได้กลับถึงที่พักเมื่อ วันที่ | E9: เดือน | H9: พ.ศ. | J9: เวลา | L9: นาฬิกา
B10: รวมเวลาไปราชการครั้งนี้ | E10: วัน ตามรายละเอียดการเดินทาง ดังนี้ :-
A12: ออกจาก | C12: วันที่ | D12: เวลา | E12: ถึง | G12: วันที่ | H12: เวลา | I12: รายงานการเดินทางและการปฏิบัติงาน
N13: 92

Sheet คิดเงิน
A1: ใบสรุปค่าใช้จ่ายในการเดินทาง
A3: รายการ | D3: จำนวนเงิน | F3: หมายเหตุ
A4: 1.ค่าเบี้ยเลี้ยงเดินทาง | B4: บาท | C4: วัน | D4: บาท | E4: ส.ต.
A5: นายเอนก ระสิตานนท์ | B5: 380 | C5: 4 | D5: =B5*C5 -> 1520 | E5: -
B6: 253 | C6: 0 | D6: =B6*C6 -> 0
A10: 2.ค่าเช่าที่พัก สำหรับ | B10: บาท | C10: คืน | D10: บาท | E10: ส.ต.
A11: นายเอนก ระสิตานนท์ | B11: 900 | C11: 3 | D11: =B11*C11 -> 2700 | E11: -
A16: 3.ค่าผ่านทาง
A17: 3.ค่ายานพาหนะ | B17: ='แบบ บก111'!I12 -> 0 | D17: =B17 -> 0
A18: 4.ค่าน้ำมันรถ( )ฉบับ | D18: 0 | E18: -
A19: ภาษีมูลค่าเพิ่ม บาท
A20: 5.ค่าใช้จ่ายเบ็ดเตล็ด
A21: ="รวมเป็นเงิน (ตัวอักษร) "&BAHTTEXT(D21) -> รวมเป็นเงิน (ตัวอักษร) สี่พันสองร้อยยี่สิบบาทถ้วน | D21: =SUM(D5:D20) -> 4220 | E21: -
A23: ได้ส่งหลักฐานการจ่ายมาด้วย........... ฉบับ และ ขอรับรองว่ารายงานการเดินทางดังกล่าว"
A24: ข้างต้นเป็นความจริง และเป็นจำนวนเงินที่ขอเบิกถูกต้องตามข้อบังคับ กปภ.ว่าด้วยค่าใช้จ่ายในการเดินทางฯ
A25: พ.ศ. 2522 และฉบับที่แก้ไข
C28: ลงชื่อ …...........…..............................…......................... | F28: (ผู้เบิก)
C29: (นายเอนก ระสิตานนท์)
C30: หนง.เทคโนโลยีควบคุมผลิต

Sheet แบบ บก111
A1: ใบรับรองแทนใบเสร็จรับเงิน | S1: ค่าเดินทางโดยรถยนต์ส่วนตัว จาก กปภ.ข.1 ถึง กปภ.ข.2
A2: การประปาส่วนภูมิภาค | S2: ระยะทาง ไป – กลับ จำนวน 372 กิโลเมตร คิด กิโลเมตร-
S3: ละ 4.50 บาท รวมเป็นเงิน
A4: วัน/เดือน/ปี | B4: รายละเอียดค่าใช้จ่าย | I4: จำนวนเงิน(บาท) | J4: เหตุผลและความจำเป็น
A5: 244515 | B5: ค่าเดินทางโดยรถยนต์ส่วนตัวทะเบียน กธ 8911 นครสวรรค์ จาก กปภ.ข.1 ถึง ท่าเรือแหลมศอกอ.เมือง จ.ตราด ระยะทางไปจำนวน 214 กิโลเมตร คิด กิโลเมตรละ 5.00 บาท รวมเป็นเงิน | I5: =214*5 -> 1070 | J5: เนื่องจากรถยนต์ กปภ. ไม่เพียงพอ
A6: 244515 | B6: ค่าเดินทางโดยรถยนต์ส่วนตัวทะเบียน กธ 8911 นครสวรรค์ จาก ท่าเรือแหลมศอกอ.เมือง จ.ตราด ถึง ท่าเรืออ่าวสลัดอ.เกาะกูด จ.ตราด ระยะทางไปจำนวน 6 กิโลเมตร คิด กิโลเมตรละ 5.00 บาท รวมเป็นเงิน | I6: =6*5 -> 30 | J6: เนื่องจากรถยนต์ กปภ. ไม่เพียงพอ
A7: 244516 | B7: ค่าเดินทางโดยรถยนต์ส่วนตัวทะเบียน กธ 8911 นครสวรรค์ จาก ท่าเรือแหลมศอกอ.เมือง จ.ตราด ถึง ท่าเรืออ่าวสลัดอ.เกาะกูด จ.ตราด ระยะทางไปจำนวน 6 กิโลเมตร คิด กิโลเมตรละ 5.00 บาท รวมเป็นเงิน | I7: =6*5 -> 30 | J7: เนื่องจากรถยนต์ กปภ. ไม่เพียงพอ
A8: 244516 | B8: ค่าเดินทางโดยรถยนต์ส่วนตัวทะเบียน กธ 8911 นครสวรรค์ จาก ท่าเรืออ่าวสลัดอ.เกาะกูด จ.ตราด ถึง บ้านคลองเจ้าโฮมสเตย์อ.เกาะกูด จ.ตราด ระยะทางไปจำนวน 220 กิโลเมตร คิด กิโลเมตรละ 5.00 บาท รวมเป็นเงิน | I8: =220*5 -> 1100 | J8: เนื่องจากรถยนต์ กปภ. ไม่เพียงพอ
Z9: 220
B11: ="รวมระยะทางทั้งหมด "&SUM(I5:I10)/5&" กิโลเมตร" -> รวมระยะทางทั้งหมด 446 กิโลเมตร | I11: =SUM(I5:I10) -> 2230
B12: รวมเงินทั้งสิ้น | I12: =I11*0 -> 0 | Z12: 200
B13: จำนวนเงินรวมทั้งสิ้น (ตัวอักษร) | I13: =BAHTTEXT(I12) -> ศูนย์บาทถ้วน
B14: ข้าพเจ้า | C14: นายเอนก ระสิตานนท์ | F14: ตำแหน่ง | H14: หนง.เทคโนโลยีควบคุมผลิต | Z14: 700
A15: สังกัด กองระบบผลิตฯ ขอรับรองว่า รายจ่ายข้างต้นนี้ ไม่อาจเรียกใบเสร็จรับเงินได้ และเป็นค่าใช้จ่ายไปจริงในงานของ
A16: กปภ. โดยแท้ ทั้งนี้ตั้งแต่วันที่ | C16: 244515 | D16: เดือน | E16: 244515 | F16: พ.ศ. | G16: 244515 | H16: ถึงวันที่ | I16: 244518 | J16: 244518 | K16: พ.ศ. | L16: 244518
I18: ลงชื่อผู้เบิก
J19: (นายเอนก ระสิตานนท์)
I20: ตำแหน่ง | J20: หนง.เทคโนโลยีควบคุมผลิต
S23: 1.ค่ารถมอเตอร์ไซค์รับจ้างจาก กปภ.ข.1 ถึงสถานีรถโดยสาร
S24: ประจำทาง (ไป-กลับ)
S25: 2.ค่ารถโดยสารประจำทางถึงสถานีขนส่งเอกมัย (ไป-กลับ)
S26: 3.ค่ารถแท็กซี่จากเอกมัยไปอนุสาวรีย์ (ไป-กลับ)
S27: 4.ค่ารถโดยสารประจำทางจากอนุสาวรีย์ถึงสถานีรถโดยสาร
S28: จ.สุพรรณบุรี (ไป-กลับ)
B29: ค่าเดินทางโดยรถยนต์ส่วนตัวทะเบียน กธ 8911 นครสวรรค์ จาก สผ.ห้วยตู้ ถึง สผ.บางพระ3 ระยะทางไปจำนวน 66 กิโลเมตร คิด กิโลเมตรละ 4.50 บาท รวมเป็นเงิน | S29: 5.ค่ารถรับจ้างจากสถานีฯถึงคงทองทิพย์รีสอร์ท (ไป-กลับ)
B30: ค่าเดินทางโดยรถยนต์ส่วนตัวทะเบียน กธ 8911 นครสวรรค์ จาก สผ.บางพระ 3 ถึง สผ.บางพระ 1 ระยะทางไปจำนวน 5 กิโลเมตร คิด กิโลเมตรละ 4.50 บาท รวมเป็นเงิน | S30: หมายเหตุ ขอเบิกค่าใช้จ่ายตามสิทธิที่ได้รับอนุมัติ ลว.
B31: ค่าเดินทางโดยรถยนต์ส่วนตัวทะเบียน กธ 8911 นครสวรรค์ จาก สผ.บางพระ 1 ถึง กปภ.ข.1 ระยะทางไปจำนวน 20 กิโลเมตร คิด กิโลเมตรละ 4.50 บาท รวมเป็นเงิน | S31: 17 มิ.ย. 57 เป็นจำนวนเงิน

Sheet แบบฟอร์ม1
A1: การประปาส่วนภูมิภาค
A2: ใบแจ้งค่าใช้จ่ายค้างจ่าย
A5: ชื่อผู้แจ้ง | B5: นายเอนก ระสิตานนท์ | E5: เขตธุรกิจ | G5: วันที่ | H5: 46242 | J5: เลขที่ (ปี-รหัสศูนย์ต้นทุน/Running No.)
A6: กอง/กปภ.สาขา | C6: กองระบบผลิตและควบคุมคุณภาพน้ำ | G6: โทรศัพท์ | H6: 084-1981607 | J6: เดือน | K6: มีนาคม | L6: ปี 2569
A7: ลำดับที่ | B7: คำอธิบายรายการ | F7: ชื่อเจ้าหนี้ | G7: รหัสศูนย์ | H7: องค์ประกอบ WBS | J7: มูลค่า | K7: ภาษี | L7: จำนวนเงิน | M7: ที่มาของ
G8: ต้นทุน | H8: (รหัสงบประมาณ) | J8: สินค้า/บริการ | K8: มูลค่าเพิ่ม | L8: รวม | M8: ข้อมูล
A9: 1 | B9: ค่าใช้จ่ายในการเดินทาง นายเอนก ระสิตานนท์ | F9: นายเอนก ระสิตานนท์ | G9: 100687 | H9: 1Y.100687.6221002 | J9: =ใบสำคัญจ่ายเงินสดย่อย!T17 -> 4220 | L9: =J9 -> 4220
B10: ค่ารักษาพยาบาล นายเอนก ระสิตานนท์ | G10: 100687 | H10: 1Y.100687.6212002
B11: ค่าเล่าเรียนบุตร นายเอนก ระสิตานนท์ | G11: 100687 | H11: 1Y.100687.6221005
A19: หมายเหตุ : ที่มาของข้อมูล มาจากใบแจ้งหนี้/สัญญา/ประมาณการ
